title,url,thumbnail_url,channel,description,views
Bhagavanth Kesari Teaser | Nandamuri Balakrishna | Anil Ravipudi | Kajal | Sree Leela | Thaman S,https://www.youtube.com/watch?v=6Qh29WWHGe4,https://i.ytimg.com/vi/6Qh29WWHGe4/hqdefault.jpg?sqp=-oaymwEcCPYBEIoBSFXyq4qpAw4IARUAAIhCGAFwAcABBg==&rs=AOn4CLBeeqFsdwvgJ9WqumIfGJvAJ2ZiNQ,Junglee Music Telugu,"Presenting the Massive Teaser of Bhagavanth Kesari, a first-of-its-kind actioner with a novel script starring Nandamuri Balakrishna in the Lead Role and also co stars Kajal Aggarwal, Sreeleela...",13M views
"Doctor - 2023 New Released South Hindi Dubbed Movie| Sivakarthikeyan, Vinay Rai, Priyanka Arul Mohan",https://www.youtube.com/watch?v=I4ExGtdRgX8,https://i.ytimg.com/vi/I4ExGtdRgX8/hqdefault.jpg?sqp=-oaymwEcCPYBEIoBSFXyq4qpAw4IARUAAIhCGAFwAcABBg==&rs=AOn4CLDZw3iflJccdAUYlmnt9EJXCyTX-A,Goldmines,"When a military doctor tracks down his former fiancee's kidnapped niece, he discovers a complex human trafficking ring in Goa. He then weaves an intricate trap to capture the perpetrators....",4.6M views
"$1 vs $1,000,000,000 Yacht!",https://www.youtube.com/watch?v=48h57PspBec,,MrBeast,"Buy Feastables anywhere to get a secret MrBeast video: https://bit.ly/_feastables Go watch Pete Davidson's new show ""Bupkis"" now live on Peacock!"" https://youtu.be/2x6h2VJ_m-c Check out...",47M views
Indians In Summer Vacation | Ft. Tena Jaiin | The Paayal Jain,https://www.youtube.com/watch?v=bAyvs2_PjtM,,The Paayal Jain,"Hey Guys , This Video all the things that happen in summer vacations . Every Indian in summer vacations going on vacation with family to hill stations like shimla , manali , mussoorie , darjeeling...",1.6M views
Backbenchers - College Life | Final Episode | Part - 1| Dorasai Teja | VarshaDsouza | InfinitumMedia,https://www.youtube.com/watch?v=6jiFuPsfpvw,,Tej India,"Backbenchers are back! But this time they're in the Intercollege with a bigger bang!! "" #Backbenchers - #CollegeLife"" is a Sequel to Backbenchers - School Life Featuring Dora Sai Teja & @varshads...",3.1M views
NEW! Ep 3794 - Pakda Gaya Pyaarelal?! | Taarak Mehta Ka Ooltah Chashmah | ‡§§‡§æ‡§∞‡§ï ‡§Æ‡•á‡§π‡§§‡§æ,https://www.youtube.com/watch?v=gZ3RuBGYf88,,Taarak Mehta Ka Ooltah Chashmah,Click here to Subscribe to Taarak Mehta Ka Ooltah Chashmah Official Channel: https://www.youtube.com/taarakmehtakaooltahchashmah?sub_confirmation=1 Watch the full episodes of Taarak Mehta...,1.7M views
"Muhabbat Gumshuda Meri - Ep 07 [ùêÑùêçùêÜ ùêíùêîùêÅ] Digitally Presented by Sunsilk, Powered by LUX - 9 June 23",https://www.youtube.com/watch?v=ik9EvEBx_ks,,HUM TV,https://bit.ly/Humtvpk Subscribe To HUM TV‚Äôs YouTube Channel! The best Pakistani Dramas right at your finger tips. Subscribe to HUM TV's YouTube channel and never miss an update! Muhabbat...,4.5M views
WE OPENED OUR OWN FOOD TRUCKS,https://www.youtube.com/watch?v=VIPFNWVI3qM,,Homeys,"Homeys are here to make you lick your lips with their luscious delicacies! Watch them fight for the title of FOOD TRUCK CHAMPION in this new video where Team Red, consisting of Ujjwal Chaurasia...",2.6M views
A Busy Saturday In My Life üòç | Niece Marriage Function ü§© | Mashura | Basheer Bashi | Suhana,https://www.youtube.com/watch?v=xulfB-NPS8s,,Basheer Bashi,BB1988 Step Into Style Instagram - https://instagram.com/bb1988__stepintostyle?igshid=YmMyMTA2M2Y= BB1988 Step Into Style YouTube - https://youtube.com/@BB1988StepIntoStyle Please check catalog...,202K views
Backbenchers - College Life | Final Episode - 15 | Part - 2 Promo | Dora Sai Teja | Infinitum Media,https://www.youtube.com/watch?v=lLwRnaUE7go,,Dora Sai Teja,WATCH :- Backbenchers - College Life | Final Episode - 15 | Part - 2 Promo | @TejIndia | Dora Sai Teja | Infinitum Media #Backbenchers #CollegeLife #DoraSaiTeja #VarshaDsouza #InfinitumMedia...,806K views
